DivisionID,LeagueID,LeagueName,CoChairmanID,PackageID,CoChairmanID,
12241,5000,Marching on Together,NULL,105,148,lt6850I6Vxn8LGRizYzmRRqTkLNZADAAQgAxAEQAagBsAC8AegBFAHYAYQBXADAAYQBwAEsANABSADIAMABRAD0APQA=
12242,5001,We All Like a Mulligan,NULL,103,762,YcCRFN0uUP4rlwZ97ZUaArrGN0VvAGcAYgBzAGEAOABCAFMASQBLADgAVQB5AGEANwBxAEsAUQBHAHQAVwBBAD0APQA=
12246,5005,Kevin Murray Memorial League,NULL,103,837,G8j/WcPHR1eIPLyQJRTyJdZ3iAxoAHMAMABqADIAUwA3AGcAeQBnAGsAQwBRADkAVQBEAEoAUwBsAEsAaQBBAD0APQA=
12248,5007,Towers Watson Investment Premiership,NULL,103,1007,2jSZXDqlQiv9/UKBSsw5kgM4NTtXAHkAWQA1AHIAYQBIAEwAOABJAFUAawB2AEwAVwBEADEAeQBQAFYAQwBnAD0APQA=
12249,5008,Mute Super League - Series XXIV,NULL,105,1011,DUhGMd/tT5TIj/vqvaCHSSMzoht6AHIARgBwAEsAVwBHADMARQBrAGMAcgBCAFgAeQBsAGYANwBqAEcANwB3AD0APQA=
12269,5026,The n-n-n-n-nineteenth First Husbands' Club,NULL,105,1133,hICzCyHxpfkQem1xRJsg1js6ncRUADgAYQBRAHEATABBAHoAQQBKAGYAZQBMADUAcwB5AHgAZwBSAFAAawBRAD0APQA=
12272,5028,Super League Dowie,109917,105,1334,AuJMN939XuEAk5TmPectEQ12ABRQAFIAMAA3AEwAawBCAG0ARQAyAGIAagBzAHkAeQBlADYAWgB3AEIASABRAD0APQA=
12275,5031,Dear Dora Bryan League,NULL,105,1442,vx3bbcmZlWh4jcOA/g5ibA1ruxhJAFYAQQBEAHUASwBqAFgANQBmAEYAYgAxACsAMQBRAEQATgBIAEkAaABBAD0APQA=
12276,5032,The Dream League,6565,105,1586,N2Fp0j80DgVGIdAxqWAJ1QPDcEdwAHYATwAwAHAARgBUAGsAZgBDAG8ASgBNAFYAdgB1AGUALwB5AEcARQB3AD0APQA=
12280,5036,Ruby Murray Premier League,3042,105,1611,uW8ka1MzeW2fLF/2BRvRFh14MmZRAHgAdwBxAFoAagBvAHoALwAxAGcATgBRAC8AOQB4ADkAMQBkAG0AYwBRAD0APQA=
12283,5039,The Colchester Croquets,NULL,105,2122,n8mQrJ1lNRCm4dqr++c6Mbb4+L0vADcAZwBEADkAKwA0AFYAaABOAC8AeAByAEYAWAA4AEYAbQBVAGoANQBBAD0APQA=
12291,5047,She Doesn't Understand,8670,105,2240,GfWQ8AHWpURDoOQNMvoeSjYlnq51AEEAUQB5AE8AdwB1AG0AagBrADgAdAA0ADQATwByAHIAaAAzAEoAbwBRAD0APQA=
12306,5061,Time's Up..Machines Down..No More Ink..!!,NULL,105,2402,Mm3X++up7EoqdlGtaqaHCPXRxRt3AEcAMQBNADIAcABJAEwATABXAGsAVgBJAEQAeAB1AC8AeQAzAHEAYwB3AD0APQA=
12311,5066,Keep It Real League,NULL,103,2509,bm5XvJuegTlaThg/Nu4DS6qB1yYwAHQAaQA4AFkAOQBsAG8AcQBpAEQAVABhADEAYQBSAGgAVwBmAFAAawBBAD0APQA=
12313,5068,Bert Kelly's Premier Carthorses,NULL,104,2608,XpJxkQ7fV0K1ditoFrsSauzVLNkwAGYAdgBKAEcAVQBvADAAZgBtAHUAeAB4AEkAaAA5AHcARgBMADYAZwB3AD0APQA=
12315,5070,Site Services Super League,NULL,105,2609,dov2pW5dkJTNupOII743veUI9H5RAG0ARgAvAFUASgBIAEEAcAB6ACsAeABSAEoAOQBWAFYAWABoACsAYQBBAD0APQA=
12323,5078,Baber Din Appreciation Society,9787,105,2863,BpBlPGZ2G0S94RdRqD6tGE9XCAUwAHEAMgBkAEEAagBHAGgAbgByADcAUgBNAHgAcwB6AFQAUABCADAAWAB3AD0APQA=
12325,5080,The Pavement Pizza League of MentalMen,9589,105,2898,rXro/HQmeH3nnF5PcbQsq+yp7SY4AGwAYwBXAHMANgBOAFEAZABlAFEAWQBLAEIAbABEAHEAZgBCACsAWQB3AD0APQA=
12331,5086,Billy Greens Red and White Army,NULL,103,2911,kLLfwEuItbFdcuwD65W1Io5dFE1vAHoATQBrAGUAYwBzAFMAcwA3AEYAQwBmADgAdgBxAHoARABoAFoAWQB3AD0APQA=
12342,5097,11thplus,9421,105,2920,pAwAaWQCkqMaIpHVf5+O7iFSAJdIAFQAYgBvAGQAcQA1AGIATwBLAHoANQBsAFMAYQBPAG0AOAA5ADMARgBnAD0APQA=
12344,5099,The Champs and Chumps Premiership,NULL,105,3042,bt1eY22F/GEd41W7tlm6949f57tEAE0ANgBEAEEAVwBVAFcAagBGAFUAUgAvADIAMgBoAFkATQBvADcATABBAD0APQA=
12347,5102,Inshallah! Fantasy League,NULL,104,3184,yj2aPx3bciyfUUfdnfo4/pAmuxB2ADEATABUAG8AbQBVADgAcQAwACsAagBLAHgAVABmAGQAdwBSAFMANQBBAD0APQA=
12359,5114,COXLESS 18,NULL,105,3185,feh+bgwtJ9A9N3VXVMyxIF9uoRtFAHQASwBHAFYAOAArAEEANgBIAHYAdABTACsAWQB0AHkATgBDAHcARQBRAD0APQA=
12360,5115,Denbigh Hall Fantasy Football League,NULL,105,3195,p6YTkfGl7W9TZBDbxJI2x7h0NLx0AG8ANwB5ADUAegBrAE4AbAAxAG8AOABmAFoAdAAyAFYAegBYAFcATABnAD0APQA=
12362,5117,The Kronenbourg Championship,9433,104,3452,CM+il/cbJtWirhSt/pN3RkyxOqF5AEoASwBtAGcAMwBiAFoAeABJAFkAbABHADAAZQBHAGMAKwB2AEwAYgBRAD0APQA=
12365,5120,Nights At The Round Table,2240,104,3474,AzllODJSwXapvs/ax53fd/0bDvdpADgAUwBpAEoAWgBpAEgANgB5AE4AMQArAHUAZABiADgAdAA0AEcAagB3AD0APQA=
12368,5123,Moribundesliga,NULL,103,3749,5TnHAfMltmjNUTtHf2Wk9UJDXgI5AHgAQgB0AEMAUgBSAEcAQwBEAFoAbABXAE4ANQB1AG4ARAB4AG8AeABBAD0APQA=
12372,5127,pants,NULL,103,3820,cmp6CyBRzLeslAQaI5iKq/+cTs52ADkAMgB4AFEAbwBFAHcAZgBVAHoAQgBnAHcATwArAFgAaABMADkAVgBBAD0APQA=
12382,5137,Levick Goalhangers,NULL,105,3967,ZDE1uc7AhKc/gq2WPR5SIUtE7O5pAEkAcgBLADcAZABRAFIAYgBQACsAUgBEAEgAQgBEAFAAQwBnADkAVABnAD0APQA=
12393,5147,NIBFL Premier League,NULL,105,4112,IsUyKoqSNQYjQFl+TGjYAxfVKwZuAHQAQQArAHkARgB6ADgARgAwAGgAbQBtAEkAagBGAFIAWABqAGoANwBBAD0APQA=
12395,5147,NIBFL Div1,8042,105,4314,oMjI4/ljOgmzAIjVPZ531yInYjZwAG8AdgAyAGgASwBzADMAMAA2AFIAYQB6AHkAeQA3AGMASgBYADQAcwBnAD0APQA=
12402,5153,Jumpers For Goalposts,4314,106,4375,kUq73235fm7uPP8c+hZ2HO5wEUBJAHUAbwB0AHIAcgB0AEgAQgB3AEgATgA5AEoAcgBQAHcAZAAvAHYASQB3AD0APQA=
12403,5154,ALLEZCOME PREMIERSHIP,10885,106,4715,GmlmjL406uEpTicx0UBd5pgbseliAHUARQAzADQAYwBkAGYAUwBoAG8AUgB0AE0AcAByAHYAMQBGAEoAMgBRAD0APQA=
12406,5157,The Tuddenham Dome Memorial League,NULL,105,4892,LsSPFO3kIPGS5Z3bvg9P1Lj6l29iAGgATgBOAFQAaAB2ADQAVwBHAEcARgBHAHEASAB1AEgAQgAzAHIAZABBAD0APQA=
12414,5165,The Ivesy League,NULL,105,5089,baFBv3bd2KAOihvD5G5uBtD+x7dwAE0ASABVAFoAcABOAHMAWABrAG0AdwB4AEgATwBQAGEAOABEAGMAcABRAD0APQA=
12426,5176,George Borough Wednesday League,NULL,103,5139,gKyy9jQrHl2L1vGFuvd3JV1UKzxyAGwAOABRADIARwBEAE4AYQBjAGkAUgBwADkAOQBmAG0AVgBnAG4ATABRAD0APQA=
12436,5185,Chaos,NULL,103,5875,lwIjFfC4DkT/MMtcp7Mmgi8ZN+B2AFMAZABIAE4AQwBlAGgAWQB6ADgAVQBsAGMAcQAzADYAMABWACsANwBBAD0APQA=
12439,5188,London Bridge Leftovers,NULL,103,5898,WG25XJAz/dDSkiUdQcvH+Xpc9UNtAE0ASwAvAEgAMwBwAHMAVwBqACsAOAB3AGsATwBUAEMAWQBFAFkAeQBnAD0APQA=
12449,5198,Harp & Celt EPL Fantasy League,NULL,105,6168,oDpSkiFddWtrdzuOhB4m13F1TlVSAHcAVgA3AGMAZQBhAGIATwB4AFgAdABxAGYAVwBTACsAagBRAHoAVQB3AD0APQA=
12456,5205,East Sheen Premier League,NULL,105,6203,uAamGMr4THHZOcvW7Iwznttk5co4AHEATwBFAFcAbwB1AFMAWgBUAHUAMAAvAHEAYwBSAEsASwBqAE4AUgB3AD0APQA=
12457,5206,Dim Sum Combination,NULL,104,6232,DIrmyB50JFMxzRY72RzTnswgJQ9xADkAQgBJAHkARwA2ADQARgA4AE8AZgBBAEMAUwA1AFgAbABiAEkALwBRAD0APQA=
12462,5211,Anglo-Alaskan Championship XIII,NULL,103,6233,1ozzQ4wUbl2PH8d6b3gVhbPNInlCAEYATQAyAHMAcwBOAGoAVwBEADgAcQBFADQAcAB3AHAAawBTAG0AYgBnAD0APQA=
12464,5213,SFLB,7205,103,6235,dK0Gm+oWADLX29wboTHRXYakeFd2AE4AagA3AEUANwBMAHcAQwBpAEcAcABuADUAeQA4ADUAbgBRAHcAKwBRAD0APQA=
12466,5215,Marcnificent,8090,104,6244,6WIpq5YncXd58u1HeMRxwB4aSrNPAEEARwBpAHEANQBuAFQAVwBVAGoAUgBSAE4AOQBMAEIAMAAwAE0AdAB3AD0APQA=
12471,5220,The Fidelity Premiership,NULL,103,6565,FyvvHrzmIO3j6M7rrwozwxHG+yNRAFkAKwBBAC8AcgBiAGoANQBTAC8AQQBqAFIAcwB1AHoAYgBaAGMAbgB3AD0APQA=
12509,5254,Teletubbies League,NULL,103,6682,0Ke38z0hHPl9MOZw4s6heT5mskZKAG8AOAB4AFYAWgAyAHoAQQBSAFQAQgBPAEwARABZAHgAdwA0AGsAZABBAD0APQA=
12517,5260,WHY Fantasy League,NULL,105,6714,2T8jN/N4yrinWLJdYiSI31aDZjh1AGcANwBvAFMAUABEAEwAdABTAFMATQB6AEkALwBDAFEAMgBjAG4AZgB3AD0APQA=
12519,5262,The Original Entertainers,NULL,105,6787,7aDIE+/MxfQM/yaLgYGQoR0E/upxADYANQBLAFIAdABVADUATwBGAFkAYwBPADEAOABFAHEAZAB4AFAAaABRAD0APQA=
12520,5263,Where's Goodwill?,NULL,104,6858,CcSkzrSjEEZJvMvIDgWavOht1ENHADQASwBuAFYANgBIAFMAMgB0AFAAaABUAHoAUwBZADUAbAA3AGEAWQBBAD0APQA=
12521,5264,LOABG since 1993,NULL,105,7144,m5wQON90LBEnK8QslfglcJ0JPJVKAHIARAAxAEwAdgAxAE0AWgBwAHkALwBLAHEAOAAxAGkAdgArAGYAdwBBAD0APQA=
12526,5269,The One and Only,9966,103,7205,LkC2xj2L+W0mJoHunFScFwmYL/NwAHoAaAA3AGcAWAA4AHAAaAAwAEgAVwBoADUAYQBKAFYAYgBzAEsAagBBAD0APQA=
12529,5272,The Legendary Fran Burger,NULL,105,7333,3vH28gZg6G9XgCSOqCSjdhdIr+grAFYANABiAFEAbgB3AEkAcQB5AHgAYwAzAFAAKwBEAEsAQQB4AGIATAB3AD0APQA=
12535,5278,Carlos Marinelli's School Of Raw Genius,NULL,105,7353,MLVCa1jERAm1f41y+OCzmvoyWfhkAHYAagBIAGoAeABIADgAVwAvAHEAMwB0AEgANABjADEAVgBFADcATgBnAD0APQA=
12540,5282,South Ken Dream Team,11536,103,7365,57J1kSSwbG2OF0J/u5Mift3MpMRDAHkATABSAFcAdgBjADQARABZADkAUgBTADkAdwA3AHkAZQBqADQAdQBRAD0APQA=
12542,5284,The Alyn Nash Memorial Cup,NULL,105,7537,6elXIwyNTfpXq3DRyz8nWQePThJEAGMAcwBtAGEANQAvAFQAbQBUAEEAYwBKAFQANgB4AEMAMgBCAC8AZgBBAD0APQA=
12543,5285,The Waldorf & Statler League,NULL,103,7552,nXC0Nlug5fkuQ9wTAtVWuhNViVI2AHEAbABkAGkAaQBkAHEAQwBhACsAdQA1AHoAcAAzAHEASwB4AFQAVQBBAD0APQA=
12547,5289,Bees and Lions Longevity League,NULL,105,7569,9mjwZZjoJNLAMGDfJ3dkC9X4YpwyAGYAVABUAEsAagBOAG0AZAA3AE0AVwA5AHkAQwA5AGYATwByAC8ANgB3AD0APQA=
12552,5293,RIF Worldwide Premiership,NULL,103,7607,+nt+05Ez+qGLRDgvPhrcIfKPqdQ5AHQAaQBNAEcAQwBSAEoAVgBDAFEAOQB1AGUAYgBlAGcANgB3AEwANwBRAD0APQA=
12559,5299,The Geoffrey Boycott Corridor of Uncertainty,1611,105,7619,cGlvGY4o4jUGO87b82RB34i9alQ3ADEAawAxAGgAYwBpAGgAbwA0AHMAcABBADMAUQBRACsAMgBCAEoARgBnAD0APQA=
12563,5303,Waggy's forever Wadding Avocet'ers ,8881,105,7627,dwBFLUQ0QbprVv0nBVV1zA4hdZNmAFkAdABwAFIASABlAFYAdABMADkAaABOAEYAcABVAHoAbwBHAEgAeQBBAD0APQA=
12568,5308,Admiral Premier League,115391,103,7632,i0eTEqtAgGt6SKWksRPho3JQdMtZAEgASABJAHQAZwBBAGUANgBrAEMAcAAwAGMAZgBZAHUASgB6AC8AeABnAD0APQA=
12573,5313,The Chester Alcohol Sweepstakes,NULL,105,7791,IjWQzb9jRimu7M/o8YQu6kuy2sQzAGUAMABHAGwAbwBzAC8AMABuAGwAbQBWAGYAMgBTAGMAeQBWADIATwBnAD0APQA=
12574,5314,Ooh Arr In The Bar Fantasy League,NULL,104,7930,91YFMjKwXzUhmLuXVvK8g3jhXPhIADIAUQAvAEwANgBWAFAAdgA1AHIATQBlADEAZgA0AHEARAAzAG4AUwB3AD0APQA=
12575,5315,BUNDERSLAGER XVII,37832,105,7939,n2/5KHK20eJXMtop6r+MiW4BnCxZAHUAVwBnAHkAbgBFAEwANgBRAEMANQBMAHEAbwB6ADAATAB3AFkAYgBBAD0APQA=
12576,5316,BAD Armchair Supporters Fantasy League,6203,105,7987,+PZXCCJPryFn3qt27WYYio/8VcdNAFUAdQB3AEMANAAzADcAWABWAFEAdAA2AEEAVwBSAHQAeQBnAFUAUwBRAD0APQA=
12581,5321,Partick Premiership,NULL,105,8018,gdV2vPOARpOq3tAQQb8o6Ubi8Bt5AGIAMwByAGMAMAA5AE8AOQBrAFoAaQBFAEoAawBqADQAWABCAFcALwBnAD0APQA=
12592,5330,We Don't Work For A Living Div One,12186,105,8035,JDys2RrCcnlp0Wf+g8cjaTRTkdxZAEYATABZAHkASAAzAFcAMwBWADUAMQBnAHEAbABkAHYAdABYADgAMwBRAD0APQA=
12593,5330,We Don't Work For A Living Premier League,9446,105,8042,Bx+Oa4edBvmCDolAblYR7P4tadZJAHkAQwBJAHkAegBBAGIAOABFAEYAawBIAEYAWQBMAHkARwB3AHkAeABBAD0APQA=
12595,5332,The Sir Bobby Robson Memorial League,NULL,107,8090,zR8sXY6qm2TVl4RDbPvc4nWabC1GAEgATwBsAGkALwBqAGMARwBqAEIAdgBxAGkATgBSADUASwAwAE0ARQB3AD0APQA=
12610,5346,Churchill Premier League,38328,105,8389,RhGd/2CiQLe9ruS0yBo6kc/qGsJnAFIAZgBWAFQAawByAFkANgBOAGoALwBFAEEAawBvAFMAQwBMAHIAaAB3AD0APQA=
12614,5350,Lager Drinkers Premiership,NULL,105,8494,BqiI940tVfcN4AwFpD8ixswg3aNUAHAAcQBSAHMASgBkAGwANgB3AFgATABRACsAWgBBAGcAOABsAHAAVgBBAD0APQA=
12616,5352,BLD,NULL,105,8522,KvI9NrI2OAcM8D1DUN3CRBD6AnE5AEMAdwBQAFMANABFAHIAaABUADcAKwBYACsAagAvAFUAbwBxAHoAYQB3AD0APQA=
12617,5353,The Keith Dawson League of Extraordinary Gentlemen,NULL,103,8595,LIlj/uYgcUJUNIQCWrw9m7VxuRtPAFYANgBYAG4AMwBxAEsAWQBhAG0AZQBBAC8AUwBJAHUATAB5AEMANgBRAD0APQA=
12618,5354,The Hoop & Grapes Premiership,4892,105,8670,KVO+YvdMC1wzjtPgzlaQY06exMxwAHoAcwBNAHIANwBCADYALwBGAHgATAB5AFAAVQAzAEIAQwBiAEcASgBnAD0APQA=
12625,5361,Sixteen Candles,NULL,103,8881,uGsl9IZ17sbZexIfTEtSzFV2O5FRAFIAaQBaAGYAeQByAEwARwB1ADcAMQBvAHMATQBLAHMAdgAvAE8ARQBnAD0APQA=
12631,5367,BOYS OF SUMMER: IN A LEAGUE OF OUR OWN,NULL,105,8892,3isBC2Z7wrKaJbkI+/tCj0d9ltRmADkAWAAwAHMAbgBmACsAWgBkADYAUAA0AFQAOABzAEsAdgBRADcAaQBnAD0APQA=
12633,5369,THE CHOPPERS,NULL,105,8980,1LZENrvVJ8OzgRv89CF20axc8KhkAHoAcABzAGgAZwBnAGkAYgBDAGwAZwBlAFoAOABlAFgARwA5AHkAVwB3AD0APQA=
12636,5371,Long Coffee Break League,8494,103,9005,XcfJe5fknNTUL3fyPDZTcvheAiRGAGYANwBxAEUAbwBZAGsANQBZADIAWgBYADAAWQBqAFkAawBLAEIAVQBnAD0APQA=
12637,5372,A cheeseboard and a baked potato.,NULL,103,9010,IYk4u3h0TTRefJzrX7455+e1J8NEAE4ASQBaAHIAdgA0AEMAVAB4AFAAOQBsAHgAcwBxAHMAbwBCAEMAQwB3AD0APQA=
12638,5373,Brighton & Hove Div Two,9031,104,9033,8GWEy35HH+EttamOgy+X7JrNfLErAHAARQB0AHoASgB4AHMAVwBIACsAOABVAHQASgBTADQASABDAGgAbQB3AD0APQA=
12647,5380,SAY IT AIN'T TRUE LOU LEAGUE,6682,103,9118,p6OvbkL9sG4XYUI0VG3zx2e914ZHAFkANQB3AEEAMQAvAHgAeABjAGEAYgBPAFAAQgBJAHQAUwB5AHcARQBnAD0APQA=
12662,5394,Danish Dynamite and Guests,1586,105,9341,qv80U6mVc0+ZiFTh7yzSlhTqz01jAE0AdAA1AG4AZwBpAGkAZAAvAEcALwBxAHkAKwB5AEwARABoAHYAbwBBAD0APQA=
12674,5405,Eurotrash League,NULL,105,9348,c4/LnqbbBaSys0vYygzRWRqOer5VAHYAaQBDAHYARABCAG0AeAB5AE4AZABRAGkAbQBMAHIAbABuAEgAYgBBAD0APQA=
12681,5412,UPHTainan 2018/19,9118,103,9363,doIv8lXQVBo0H8FHmT/rmlA2bOFhADkAegB5ADgAbABDADgAUwBuAFIAUgBxAEoAMwBKAGIAWAA1AHkAOQBnAD0APQA=
12683,5414,The Eighth Wonder of the World,36717,105,9365,k163G7ps1DSTjrgYPwENw+yUO+JXAGcAcQA0ACsAaAB3ADIALwBpAFUAbQBYAG4AbABjAGUAdwBGAGEAMwB3AD0APQA=
12684,5415,Hanover Hangovers,NULL,104,9371,XIeabxzl4qmKyY/4Pz1IT2sRctVEAHcAMABuADIAMQB3ADcATQBMAGsAbAA5AFIAQgBSAHUAUQBiAGQAeQB3AD0APQA=
12686,5417,Guernsey Premier,NULL,104,9421,jH92L7oxCY50J1g67O87N1XVQooxADAAVwBQAG0ANABoAE0AaQBQAEoAagBJAHMASAAvAEgAZAA1AHQARgBnAD0APQA=
12696,5427,The Champions League ,5898,105,9433,RNkRRCfWFnIajlKGAPX4ICdoKmNQAHAASABvAEIAYQBYAGMAVwA5AEMASQBXAGIAKwBmADIATQB5AHMASgBBAD0APQA=
12698,5429,Teams R Us,NULL,103,9446,vi5NAler+r31WvDdeQldSRUxWflpAG4AdQBRAFIAcgB0AEwAUwAzAEEAaABOAHcATABuADIAbwBaAGQASgBBAD0APQA=
12707,5436,If Carlsberg did fantasy leagues...,35687,105,9589,qM3vpwWSocjt/EGJ3rxWExcxqBlXAFQAaABXAEUAYwBUAHIAOQA3AHQAcwBxAEkANwBlADgAMwBCAGQAcgBBAD0APQA=
12716,5444,Stella Artois @ Queen Adelaide XXIV,2911,105,9787,CD3U1FM8wY6Q2HXcvPg6234UvSNsADkAQQBOAFkAdQAwADYASABFAGIAYwBtAGoAMwB3AHQAeAAwAHAAYQB3AD0APQA=
12720,5448,Football Always Comes First,NULL,105,9849,wapzVo//yUYfuz3xPvxeMbgcXnZPAEMALwBHAEQAOQB6AFEAaAA2AE0ANgBCAGgAeABMAEMARgBkAG0ALwB3AD0APQA=
12726,5452,Bangor Old Men,NULL,103,9880,OS9ijVnl0qIZEEHeXQOqtI/O3pY1ADMARABZAFcAawB1ACsASwBMAHgAYwB2AG0AawAwAGsALwBTAHkAdwB3AD0APQA=
12728,5454,SERIA Z,406716,103,9930,xz6yOI1ALDHBvMQjI5E/K5eqmIplAEEAdABZAGcARwBFAG4ASAA2AEgAWQBvAE4AOABWAFUAUgBsAGIAcABnAD0APQA=
12731,5457,Field of Dreamers,NULL,105,9966,7sx+l/JsXDPkKFfmNnLM/rDok+w0AEEAegBhAE0AbgBQAEUAZQBZADkAcQBrADgASABlAGcAaABxAEcASABBAD0APQA=
12732,5458,Big Jacks Baldies Bellies Badgers & Saddoes League,4112,106,10396,Bkxufh3NP/VtSeP5kdSEIT4B5nQvAFIAVQBNAEcAVAB5AGIAdwBwAFkAaQBCAEEAbgBmAGcAUABkAHkAMQBnAD0APQA=
12733,5459,AOGL,NULL,105,10475,SiBq6UgXbxiMOz1BPH/hjjkgxzFiAGgARwBwAGEAZgBPADIATQBFAHIAdgB4AGwAUAB0AGsAegBXAEYAegBnAD0APQA=
12738,5463,Jays Hamlet Horny Slobs Cat's Arse Championship,NULL,105,10615,hammers
12739,5463,Jays Hamlet Horny Slobs Dog's Bollocks Premiership,NULL,105,10708,5gV2wi8lrcgwwn0XDNJPiQwDH2xYAHgAWgB5AE8AVwBZAEgASQBPAHIAOQB5AGQAdgBnACsAbAA2AEYAdQBRAD0APQA=
12744,5468,Fantasy Football Freaks,36551,105,10841,MixfG4tEZNES7smCvF3by9Un1ktGAEcARQBMADUAVwAzAFcATwB4ADQAUgBRADUAUAB3AEEAMwBKAGcAegB3AD0APQA=
12745,5469,Guernsey Cricketers Alcoholic League,NULL,105,10848,dN4NgL4Lvaxvpfbnqp/0H7Y3dFxYADAAdQBIAE8ARgBxAFUATQBWAG4AVQBWAEkAOQBaAFoAUQBBAGoAYgBnAD0APQA=
12746,5470,Brewed in Sheffield,NULL,105,10885,AZ++x8Chilh8vzQBDvhjUHIfK0Q1AEEAbgBNAGcAegBuAE8ASgBVAHkAdQBPAGIARABmAGMAMwBjADMAMABBAD0APQA=
12757,5481,Gordon Banks one of the heros RIP,7569,103,10888,fSCouzC2Dv8mF+cDhutCNlWh5XMyAHUATABmAE4ASgBWAC8AcgBaAEYAdwBWAHUAVwBYACsAdABhAEkAUgB3AD0APQA=
12758,5482,Ultimate Torture,10615,105,11188,9B91BmX8tZponxB11piLVavfkS9OAHQAcgBmADIAVwBKAHEAcABqAGUAdQBMADgAMgArAHcAVgBnAGgASABnAD0APQA=
12759,5483,Butterworths Fantasy League,4375,104,11194,YaJHBADiTWBQ/fqr7hRn/6ZLymRsAFUAdwBkAGoATwBpAE4AcABwADEAZgBXADIAMwBNAG0ASgA2AEgARwB3AD0APQA=
12765,5330,We Don't Work For A Living Division 2,421781,103,11437,X9OLIXtjnu/gfIDDVo3GWu+cvWpGAG4AVwBYAEgATQB0AHcAKwBlAGQAawB2AGgAegBkAC8AQgB0ADUAUgBBAD0APQA=
12769,5492,The Alkins F & D.C.F League Premiership,NULL,103,11536,vnv0xvjP5JqJl4SZpkv86H0oXgdTAEsAcwBsAFcAaQA5AHkAaAA0AEQASQA4AHUAZAB1AEkAZgA2ADIAVwBRAD0APQA=
12772,5495,Michaelston Rangers Premiership,NULL,103,11936,bKm8TrsqP309Cidlu3jjPYVHncN0AHYAOABRAGQAdwBKAFMANQBEADQAcgAwADAAQwBVADMAeABBAFgARABBAD0APQA=
12774,5497,THE ARTISTS FORMERLY KNOWN AS 5 FFL.,38360,105,11952,m7btCOVAExPZymo5PU0F8/tyEQ9DADkAeAA2AG8AdABRAHYAVQBZAGIAZwBOAHYAdwAyAEwAdQBLAEoASgB3AD0APQA=
12782,5505,Ordem E Progresso,6168,105,11966,k/KwV39aC6Q5DE6sJXJKstuL/SdEAEoAcgBsAE0AcgBjAEwAMAA2AGoAawByADYAcABkAFUAZABCAEQAUQB3AD0APQA=
12791,5513,The Super Siete,NULL,105,11971,QvQfY3nRAZaxxEn+tl+hb5Lj0A5oAGYANwBQAHIATgArADIAagBlAE8AaQBHAFgAZgA5AHgATgBaAFIARQBRAD0APQA=
12798,5520,The Dorset Arms Sideroom Priaulx League,NULL,105,12064,9fB5u29sxqUBjSOkamtx2v2T7ZV3ADMAYgBCAGsASwByAHIAdgAzAC8AdAB3AHoAMQBNAGMANwBNAHcAVwBRAD0APQA=
12802,5524,The Anti-Social League 2018/19,38307,103,12186,TfFmQqqcmkROSWvSRwLRk4RBbwV4AGIAdwA5AE4ANgA4AHUAcABuAFMARABmAFYAdgBlAEEAOQB3AEsASABBAD0APQA=
12822,5542,Clarendon Conference,10841,105,12905,h2bWtO6isEkiut7JVDIQpCr8klBBAFkAZgBRAFUAdwBBAFQAQwBOAFQAWAA5AFoAVABMAGIAYQBSAHoASgBRAD0APQA=
12828,5548,Championship,175214,103,14740,B4Gl6gFvr/S/uK2JQPcpng90855wAEEAVwB0AGEASQBWAE0AawBuAFcAMgBQADEATgBGAGIASAAwAFAAaAB3AD0APQA=
12831,5550,Check The Text Premiership,NULL,103,15044,Pco2GS+4t/Q//K6Uzp+auQA6xCBQAEYAeQBCAEoAaQBGAHYAMgBWAE8ASgBvAGsASQBzAG4ASwA4AGkAWgBnAD0APQA=
12832,5551,The Leeds PKF Memorial League,2863,105,15159,DSIspFGK0iZVVVRv+UKkaOY3qmRyAHQAdgBvADcAUgBBAEEAWABoAHoAdgBYAGoAUwBYAGEARABnADYAYgB3AD0APQA=
12833,5552,Lazy Lobs 2018-19,37628,105,16467,C7MqLvbCd4Cq4olc5kZS7msorsBjADAAaABZAGIAbwBjAGIAdAB1ADMAUQBFADIAQQByAHMAdwBPAFMAagB3AD0APQA=
12841,5560,The Desmond testing Heskey League 2018/19,NULL,104,17453,7jILP8rGoeXw+uHhSrSWA4t7RG1OAHUAawBrAGwAOAA1ADgAUgBzAFoAYwB0AEkAMgBWAHAAegBZADEAMwBnAD0APQA=
12846,5564,Bacardi Premiership,NULL,105,19546,JsuyJDrsY3iNS7McQu9LMKN55INBADYAQgBMAHIAMwAzAFIAawBRAHAAYQAwADAAdABjAGgANABLADQARABRAD0APQA=
12854,5572,The Louis' Late-Assist League,NULL,103,24762,fw75pRfLZBuVjiDTGknyev2ywn82AGkAYwA3AFgAZAAzAGcAcgBIAGEAZwBkADUAdQAzAGcAYwBqAG8AeABRAD0APQA=
12857,5575,The Cliff Irons Memorial League,NULL,105,26122,LOETGF/nE5Sk2twa2VVNdrb7O1ExADMAZQBvAFAAdwA5AGMAQwAyADIANQBIAHIASQBFAEoAdwB5AGEAQQBnAD0APQA=
12866,5584,You Don't Save Those!,NULL,103,27853,703cXzMonvyR8bfPdDPtHC5gXbYxAGoAawB1AFMAWgBrAGEAUQBuAHgAQgBiAHcAawBVAHAASwBDAGUAYgBnAD0APQA=
12871,5589,The Minuteman League,NULL,105,28027,l2XCHe+f262VGD00aemXyHoojfRLAEkAVwAyAFEAQQBVADkAcgBXADYAMgBvAHkAaQBIAE0AMAB6AC8AYgB3AD0APQA=
12876,5594,AMNAS Division 1,NULL,103,28255,J3T8/QLLwG62sOJwf0R2ICTAUmFWAGYAQgBzAFcAcABaAHoAQQBFAE4AdABRADIARQB2AEQAYwB4AHgAaQBRAD0APQA=
12878,5594,AMNAS Division 2,NULL,103,28337,XvogcFPNjzTCUvKkdPAmMSN9WwltAGkARgB2AEkAawB4ADcAbgAvADEAUAB4AFoAbgBYAGkAbwBSAFcAZQBBAD0APQA=
12886,5602,PRS for Music Premiership 18/19,NULL,105,35687,LCA2YMsIrXgH8pKJDyvtGh6Z80VOAGkANwBFADYAYgBqADAAdwBsAFYAKwBnAHIAWQBxAC8ATAByAEYAYwBnAD0APQA=
12887,5603,11 Lagers and 22 Poppadoms Serie B,11437,103,35748,pI6Chsmnksrx7JsXTI199hVdWjIrAHcATABjAHkANwBLADcATwBCAEIAOABxAEkATwBKAGsAdgBiAFoAeAB3AD0APQA=
12893,5609,Shit not Hot,10888,105,35751,p2xIZ3o5+tzkGI83WhZKjp6qEbpCADIAVQBIAEkASQBWAFEAYgBBAEgAcABIAHYAbQA4AGoANgBqAHoARQBBAD0APQA=
12896,5612,ALTERNATIVE SOLUTIONS ,9348,105,35959,cKCY0YaT3Udnjvs/fVPi2Ymj1V5CADIAeQBRAEYAWgBPADkAdQB3AHAAMABvADEAcABRAG4AQgBsAG0AVgBnAD0APQA=
12906,5621,Planet Toptot,11194,105,36024,8jVp25CvKVx9Ep1yFwLGOZ992FxUAEoAbQBhAEYAQwBkAHcANwBQAFAAMQBEAGkAMgBhADIAQgBqAGUASwBRAD0APQA=
12909,5624,The Championship,NULL,105,36058,39qcb4NeOoBZUVXvg1dB9lDFZlx2AG0AYwBFAEYAZgBZAHgAQQB3ADIAbQB6AHQAaQBKAHAAeABwAHYAdAB3AD0APQA=
12916,5631,Cupid Stunts XVI,NULL,103,36087,rldzmy504hwHMylHldY9nwn5hNNPAFYANQBTAHUARwBrAHAAVABUAFQATQA4ADQASgBTAGYAZgBlAFEARQBRAD0APQA=
12917,5632,The League of Angry Men,36510,106,36407,pvhZb+/2NKYXeUxAcGJGtrtXBqY1AHUALwBLAG0AcgB4AFUATQAwAEYAUwBaAEsAUgBhAHcALwBOAFMANABBAD0APQA=
12922,5637,M&C OLD BOYS 2018/2019 - Season 17,NULL,105,36443,i27TMb6FSCtJFmpXDLuUvqb39mtKAE0AVQBUAGgATQBKADgAcwBnAFoARQAyAFUAVABwADUAegA3AHoAcQBBAD0APQA=
12931,5646,The Exotically Named Soondra Appavoo League,NULL,105,36510,MH0YSHbPf1DsnW/ww03c2KSvOi5kAHkAZgBhADYAagB4ADcAQgA1ADgANwBaAHAAWABVAG4AWQBHAFEAbgBnAD0APQA=
12936,5651,The Rock Inn Fisters,NULL,105,36551,wy31b2HOKjE0qa2xKMNxwQeoHrxOAGwAaABVAGgAKwBzAEgAZwBJAGgAawBQAHQAMQBQAGQAbQBGAHgAVQB3AD0APQA=
12942,5657,RSM,424180,103,36556,wTXBho+pd3kBVyoBNUKUfycBvSJSAE8AZQArAFgAOABvAHIAcQBCAGgAYwBkAHUAYgA1AHUAYwBLADQAMABnAD0APQA=
12944,5659,Friends of Frank Fantasy League,NULL,106,36659,B3CJG3fH5Pu6s2hyFC/Sb2dJxaNrAFUAQwAwAHYAQQBPAEEAUgBFAHkARwBkAGEAbgBJAFAAMgBHAFYAawBnAD0APQA=
12947,5661,HB Pencil Breakers Premiership,NULL,105,36717,oSap+XnLGXxecjkk0mlfyaLr3ydJAFYAZQB6AG4AbgA5AHgAUgBUAGYAMwBMAFYASQA1AEIALwBhAEwAdgBRAD0APQA=
12950,5664,You're Better Off Talking Bollocks,38984,105,36756,nTpTjtT0+CJ0GAVbGlj1fAmI0nh3AGcARwBuAG8AZAB1AHQAQwA3AHkAMABGAEMASgArAG0AeQBQAGYAVgBnAD0APQA=
12962,5676,Georgian Court Fantasy League,NULL,103,36779,iDNzY0uBivrSUMMfdXTHiL0WINtNAEsAOABkAFoAUQBkAFYAawA0AFYAaQAwAEsAaABCAHYAawBlAEUAMgBBAD0APQA=
12963,5677,Bier Liga Fantastica 2018/2019,NULL,103,36842,DzuX1z13qNQbDwAPITvTJkZLIFNIADEAWABLAE8AUwBqAFEAeAA2AFMAUgA1AGoAVwBzAGoAKwA3AGEAWQBnAD0APQA=
12965,5679,Norn Iron Premiership,8389,105,37070,YzbtUCjqZhlw6/8x2fndfZNkPGxNAFMALwAzAHkARQBtAFkAVgAvAHcALwBUAHUAMgBIAEYAWQB6AFQAZABBAD0APQA=
12967,5681,Merrill Muppets,NULL,103,37315,TAx2dU0hCrORrzAwWhgt8m716L5MAFIATABIAHUAQgBwADUAcgBZAEYASAAzAE0AQQBSACsAawAxAHQAUQB3AD0APQA=
12969,5683,The Old Shaw Lane League,9341,105,37404,ME6xFgxecsY47WmDAavrt1NGzbVpAFAAYQB2AEYAUQBoAHIAbQBmAEkAbQBZAFEAZAAyAEgARQBiAGEAZwB3AD0APQA=
12972,5686,Only One F In Onefootball,NULL,105,37450,eUehQh0T4i5+bcduvjbTNRRA66JGADMAbABwAHYALwAvAG8AdAAzADIAUgA0AHUATgBYADMAVgBGAGQARgBBAD0APQA=
12976,5690,Serie 30 Something,6233,105,37628,SDQiL81tG+EwBgV52EHlvXu8L3FyAEIAdwBKAHQAbQAyAG0AZgBZAFAAWQBWAEYAbwA4AHAAVwBYAHkARgB3AD0APQA=
12984,5698,The Sinking Premiership,NULL,105,37660,G+KUML2IscVeytxJRuyBxe50Uyl2AFYATwA0AHcASAB6AGwAdwBPAGcAKwB0AFUAawBMAFAAbwBLAGoATQBRAD0APQA=
12985,5699,The One Tun 2018/19,9033,105,37816,mUhkvcnVlrsTFbKYNAAcwpmZYLxRAEEANwB1AEUANwBOAGYAUwBtAHYAbwBYAEgAcgB3AGkAdwBaAEgAWgBnAD0APQA=
12990,5704,KBW FOOTBALL LEAGUE,417427,105,37832,51DrME2HB46OdAK3+Adc50ODC99VAGsAUABHAEEAQgArAE0AQQBMAEwATgBKAG4AZgBOAHkAcwBzAGkAMQBBAD0APQA=
13020,5732,The League of Gentlemen,NULL,105,37841,password
13021,5733,Wilf's Bobby Freakin' Pires League,NULL,103,38161,qGFgRNvO0oQPUhyKhfzsDFSLzLczAHEAVQBXAHAAQgBFAHYAYQBrAFoAUwBuAGwANQBJAHYARABwADEAVABnAD0APQA=
13028,5740,Bloomsbury Square Bashers,9880,105,38216,C2Jf/pLlLd3ME6pmVpSH4YhMlwdTAEkASABOAFoAOABaAFgAagBFAGcARwBuAHUALwBNAEwARABRADIAUwBnAD0APQA=
13038,5750,The Onion League - Div.2,NULL,103,38307,2+6+ri3bb9JLbq9RANEfu/Ag8II3ADIANABkAFQANABQAGwAcgB0AGUAYgBpAFYATAArADgAWQBNAEYAWQB3AD0APQA=
13039,5750,InfoWars - Div.1,NULL,103,38328,fDBcLFh57YFqEYRr4HOCiZSVE294AEYATwBTAE0AeQA2AGcAVQBkAHAAYQBIADgAWgAxADYAWgBWAHYAdgBRAD0APQA=
13052,5761,The Golden Boyz League,NULL,105,38360,zfpq9RCu2dXuBbdqL0eIn2KY08daAGYAVwBJAHoAVQBoAHQASgBJAFQAdABZAGEAcABSADkAMABYAEMARQB3AD0APQA=
13055,5764,Stamford Bridge FC - 1066,NULL,106,38666,lxWPLdvhMwYLUjnckC3qQ5mMX01rAFgANQBFAE0AVgA0AEYATwA4AGQAYwBhAHkATgBGAC8ATgBaAEkAMgB3AD0APQA=
13057,5766,Speve's League,NULL,105,38984,nWs4B8bRuJgFiLSEhTK//40/eaB4AGcANAA4AHkAeQBmAGEALwB2AGIAMgBtAEUAZQAzAGgARgBwAGsAOABnAD0APQA=
13058,5767,The Worst Day of the Year,36407,105,39235,9eqP0t3KZF+e7I1NUHnxzc5DjGZqAG8ASwBJAFoAWgArAGYANQBpAEgAbwBCAFYAVwBzADYAMwAwAEEAVwB3AD0APQA=
13070,5779,Chicken Vindacoo League,NULL,104,39397,mT6QmLNhEQy0qQwPjpHWwlj44u5iAHYAbgBvAG8ATAB4AGoAdAAyAFMAVABnADQAVgByAEsAOABBAGIAZABnAD0APQA=
13075,5784,Melksham Craic League,361140,105,39796,RnzTFmxdI6lQinxnU+BQWVnpCf8wAFkAQQByAEQARAA2AFQAVgBzAG0AWABaAGIATgBtAFAAaQBDAHAAMgBRAD0APQA=
13082,5791,Fist of Bob,9363,103,40004,J58GAp6zbVHAZDXNBu5ef3sJ7hNSADAAdwA2ADAAegA1AGgAQgAwAHUAaQBqAE8AMQB6ADQASABsAG4ARABBAD0APQA=
13084,5793,My Uncle Was A Lettuce Leaf,NULL,103,40022,b9M3m9qwyEY7ssku0iQ7hTg4xMFyAGkAMgBTAEQASQBZAGQAWQBDAEkASwB6AHkAdwBMAGMAUQAzAEwAZABBAD0APQA=
13087,5796,The Good Mixer League,5875,104,40154,ZgsyeVEDQ7PDRLCBKwYctdKhr1NSAEIAegBHAE4AZABYAHQAdQA3AHUAVwBGAGIANQBIAEcASwBOAHgANgBRAD0APQA=
13093,5802,Nuts!,NULL,105,41669,/nNedWI28sRdw3mTTSZS8nxCRgZ3AFIATgBjAFAAZQB3AEgAMQBvAEQARQB4AFQAbABTADUAVQBiAE8AYQBnAD0APQA=
13100,5809,DESPICABLE LEAGUE,NULL,105,42143,LNClGtPkeflfFTYafQH5t6SJhFNzADQAMQBNADUAUwBGAGcATQBqAEUAcgBsAHMATwBrAGIAdgBZAEEAVABBAD0APQA=
13106,5815,The Finchley Premier League,40004,105,43623,5dlLr+ZLS9Twc3HVa7jPWFABRgZ5AHYASQB4AFUAZgBnAEUAdgBkADMAeQBwADgAVABVAGoAdwA3AG0AeQB3AD0APQA=
13118,5827,Orchard Premier League,NULL,103,46868,IN3lapWbwfJBAbWs4Nms9IxE2P1ZAEQAYwBtAEQASAA4AGwAeQBsAHkATwBtAFAAbABSAEwAVABwAG8AcQBnAD0APQA=
13119,5828,The Graham Williams Memorial League,1007,105,51618,5pbQVHJDOHiwlx7SOhLX2IzDHFdtAG4AZwBPAG4AUgByAGgARQBFADUAdgBHAHMAQwBKADYAMgBHAFMARQBBAD0APQA=
13120,5828,The Badgers Arse Premiership,7353,105,53226,ZeDUNSRfifOlsH34o4X/olIcmZEvAEwAWgBCAFMATABRAHAAWQBRAGgAZgAwAGkASAAzAE0AdAA4AEEAMwBnAD0APQA=
13121,5829,Bunglesliga,NULL,105,59992,0hbTDVSYo2sb20L+P88p2OAaLGdTADkAWgB0AGMAcwBsAHIAWgBjADQAcQBOAGkAaQBuAE8AZgBOAG0AcQBBAD0APQA=
13128,5836,The Clucas Effect,6232,103,98883,OEPLDI72wIl482brwVq+j6B9bFdvAG0AUABNAEYANwBkAHQAeABNAGgAMABtAG8ANwBaAFYAYQBZAHoAdABnAD0APQA=
13139,5847,The North-Western Breakaway Championship,8522,105,106970,JBY4efgsfRkpx/MBaVNmVX8jBdRCAFgANgBnAHIAcgBSAEMANABDAGcARABGAEYAcAB6AFQAeQA0ADkAYwB3AD0APQA=
13140,5848,The Iain Sinclair Fantasy League,NULL,103,107226,8jHOxheUrXOwTgtEnvZOdhXo/XNqADcAWAA4AGcAUwBqAG8AZwBJAFcAbgAvADcAKwArAFQAMwA0AEQAYgBnAD0APQA=
13145,5852,FWLTF,NULL,103,107353,Q6CB+DeZYoRYBfCsSVmxq/08RlJsAG0AMgBqAE8AMQBYAG4AYwBtAG0AbwBZAG4ATQByAEQAVAArAGYANgBnAD0APQA=
13147,5854,Barcelona 2018/19 Premiership (25),11971,105,109917,4NIFt3hDkdhuWleMR4V1XtIQxgJ5AGkAMQBkAC8ASQBZAHQANgBGAGkAUwB1AC8ATQA2ADEAOQAzAHoAcQBnAD0APQA=
13149,5856,The Beautiful South,NULL,103,110596,S9rFHY7cx/2qIpnmKCGfMwzvu49lAEYAUgB4AEoAdABwAHMAbgA1AHEAcgB4AEMARABJAFoAUAB0AHUAUQBRAD0APQA=
13151,5858,Defendo ad Impetus,179185,105,113132,C0RTAJyCF2HREynL7Z8QPEjI3CJXADYAWAA3AFMAQQBLAEgAeAA4AG4AOABIAEsAZABTAEEAKwBsADAARQB3AD0APQA=
13154,5861,The Mange,NULL,103,115349,hF+mOBjONLbieoUKXvcvQ9gmPkYvAGYASgBWADAAYwA1AEsARgAvAEUAQwA4AFEANgA3AFMAMQA1AHMAMwBBAD0APQA=
13157,5864,ROZELLE CUP,9371,105,115391,dHDPcNViGoIVga0U0NEfRcpPtcx3AFkANAA1ADEAcABwAGsAaQAvAEIASABjAFkANwBUAE0AOQBJAFEATQB3AD0APQA=
13158,5865,Beacon,NULL,103,173991,GPUT2m3+Obpm6mMF9uQhvqM6OaI1AGUAMgAyAEoAeAA5AHIAYQBlAHoALwBVADUAKwBpAFYAcQBtAFMAcQB3AD0APQA=
13160,5867,Inspired Premier League,425836,105,175214,UcQ7audY6MJbxL3clazkNDOXQA5PAGkAVAB0ADEAQgBNADQASQB0AEUALwBIAFQAMgByAFkATwBsAG4AbwB3AD0APQA=
13161,5868,Majedie United,10475,103,175280,pK9ItI/loLdO/TzS3yySgf/ORUpVAEcAQQBxAEoAbgBaAHQAMgBzAEgAQQAyAFkANQB5AG8AeQAzAGoAUwBRAD0APQA=
13163,5870,John Terry & Jun-inho League,NULL,105,176193,Kx/lg5GVJsUJkZP1CobKCIaYPx15AFcAVwBEAHgAcQB3AFMAWgBXAGEATABkAEQAbQBBAHgATQB6ADkAQwBBAD0APQA=
13165,5872,The Allbock & Collocks league,7365,105,176421,FrmCxHjDFINKAz89yuHM+/oK8112AEUALwBiAE8AaQBXAFAAcABYAGQASABnAGEAWQA4AGYAMgBPAGIAVABnAD0APQA=
13180,5886,Dirty Duckers,NULL,103,177016,ZYNw8B0qZ0KF4tREe7B4CV6imDpGAG0AQwBjAGYARABtAGcAZAAzAGIAVwBJAEEAQgB0AFUAVQBiAHAAWgB3AD0APQA=
13189,5893,Your Sitar,NULL,105,177153,1IAsMOh/ZzRJ9ihO7+qqfD3B6p5uAG4AZQBSAEIAUQA1AGEAMgBkADQAcgAzAEEAOABxAGsAMABrAFkAbwBRAD0APQA=
13191,5895,The Broadway League,NULL,105,177660,WbDlCa2Kqemo3Xt2ghn4Oxw/hsNLAHMARgBNAG0ALwBDAFgAMABIAG4ANwB4ADEAMgBDADAAbgBZAHAAUQBRAD0APQA=
13202,5906,Butcher's Hook & Cleaver League,3185,105,177675,U3NMy0RuwKdsRpsC7+PS+X2/oElRADYASwBVAGoAYQBXAE0ASQB3AHkAQwArAG4AMgA2AHAAbABTAFQAbQB3AD0APQA=
13219,5921,The Bung Cup League - Premier Division,NULL,105,179185,uXrB/tY2U5A8LCEgJpQlbmXQ+wB2AGwAdABPAGwANAB4AGoALwB1AE0AYQAvAGIAdAA0AEYAYwBpAGYAcABnAD0APQA=
13221,5923,The Squirrel Premiership,NULL,103,180680,oFsqJf3ihgw+dY+uhit0Ub0yHOdGAHoAMwAwAFAATwBDADcAeABaAFkASQBaAG8AagBIAGoALwBmAGEAaABBAD0APQA=
13223,5925,Billership,3967,103,182949,KE4wSyMSkXAAFjzuSopvN241DdhqAHQAbgB3AEEARABkAHIAYwBtAFUAaABQAEgAZABkADMAcABtAE4AbQBnAD0APQA=
13224,5926,Worthing O.A.P. Specials,NULL,103,183075,1UNpWwQ+nnYnyE4mYS9NL9I+6plQAEwAKwBsAFMAQwBKAC8AcgAyAE0AUABRAFkAKwBhAGEAWABtAEMAWABnAD0APQA=
13236,5938,Leedo C4 Premiership 1,NULL,103,343479,NSoxnl6eT+zE8DgklGMhZ+yB23JUAEwAUwB0ADIAbwBFAGQALwB5AEUANgBVAGsAdABJAG0AbgA3AFEAUABBAD0APQA=
13237,5938,Leedo C4 Premiership 2,NULL,103,351325,dPlFAO/YegjxjyngqAJ1d6CJM3VXAEsALwBaAFUAcABzADEAegBWAGUARQBTAC8AdQBjAGEARABVAEoAUwB3AD0APQA=
13241,5941,The Sag Aloo Park Avenue Premiership,37660,105,352666,U0pQOeBhevLaJIQYmhUAs1or+MBYAEoAQwBjAEMAWAB1AG0AbQB1AGcASwB6ADcAbQBJAGMAQgBsADQASgBBAD0APQA=
13254,5953,Glossop Guzzlers,421448,103,359076,HDFpQsChP+iwsT+TfQKGPKr50zREAE8AUwBLAEoAagBoAEQANgBhAHcAVABJAGQALwB4ADAAUABUAFAAMQBnAD0APQA=
13255,5954,CONSPIRACY CONTINUED,NULL,105,359260,c3FyMWwPcSdBNQc8LWWR5zBNRyZGAE8AUgB6AE0ASgA1AGIAMAAvAGkAdwBvAGwAYgA1AHIAegA4AFQAUgBRAD0APQA=
13259,5958,The Mighty ITPMers,1442,105,359334,YN9tfODzqL6uVYEXIS0OsLe7ysx5AEEAMABwAEkAWABKAFEATgA0AE0ANABHAEwAVwBYAGsAaQBWADUAbQBRAD0APQA=
13262,5961,Le Tournoi XXIV,NULL,105,360360,HPy+OGTi63w6+pa4yox47H2Xg0JxAGsAMQBOADQASwArAGkAMABPAGEAdwB3AGMAdABoAGEAegBOAHUARwB3AD0APQA=
13265,5964,OAP League,3474,105,361140,k1QnFTmfkCpJ2w1bg8RHwcJg7hZlAHUAUgBQAHEAdQBwADkALwBVAE0AbAA2ADAAVQA5AEwAVwBsAEYASgBnAD0APQA=
13266,5965,League Of Extraordinary Gentlemen,NULL,105,361910,YAd5/XpKCfp4Id+nkDg1tGnqLL0vAGUAOQBIAGcARgAwAFoANwAyAHUAeQByAFQAeQB1AGwAdABmAFQAMwBRAD0APQA=
13273,5972,Lombard Odier Memorial Premiership,NULL,105,362349,crMC9jyCcvfz0DevVwOruJmW9sVpADEARwBOAFYAVwA0AE4AdQBTAGkAZwBwAFIAVQAyAEsATAByAFQAZwB3AD0APQA=
13278,5977,The Champagne Charlie Premier League,NULL,105,363493,MOUkmeuoPgjMoWpij8ggQwP157s2AHEAOQB2AGcAbwBxAFAAawBhACsANQBKACsAVQBFAE0AKwBUAHcAcgB3AD0APQA=
13282,5505,Ronseal Premier League,6244,103,363527,aEhIWAgPNeOao5NGP4zbsyUDBnZaAHIAbABpAFQAZgBmAEEATgB5ADQAbgAxAFYAQQBmADYAaABuAHkAQgBBAD0APQA=
13289,5988,WHERE'S THE HEAD ON THAT PINT A SUPERIOR DIVISION,NULL,103,369419,AP5Oz4hoojkLSKutzo3oReOjETFlADEAZABKAEcAZwBBAGgASABhADAAcgBrAE0AQgBIADcASQA5ADUAdQB3AD0APQA=
13290,5988,WHERE'S THE HEAD ON THAT PINT B INFERIOR DIVISION,NULL,103,374635,yncegwItCAiIjKUbytRtfu5xZq1GAGYARwBZAG4AbQBLAEEAagB3AHIAWQBLAGYAQgBwADUAaQB1AEsAZwB3AD0APQA=
13291,5988,WHERE'S THE HEAD ON THAT PINT C NURSERY DIVISION,NULL,103,376695,d6fsmVl4TcQiFbpBKWNzE2ILQ29wAFYAbgBnAFUAdgBMAFoAKwBiAE8ARABZAEIAVgBtAHQATgA4ACsAagBRAD0APQA=
13297,5991,We Took the Coke Machine End,183075,103,377504,4OWR0fbnnSrYI1stw2rIkKjEjFk0ADAAZABDAFEAcQA3AEUAKwBLADYAVABCAEYAYgBkAGkAOABQAHoAVQBBAD0APQA=
13298,5992,Big Dicks and Dick Toes,10708,106,377897,+flxGKDq6983YAr/n3F2F22JVZFOAFkAWABlAGoAOABEAEYAeAB6AHkAQQBiAEEAOABGAHAAeQBHAE4AbABnAD0APQA=
13302,5996,Wakering Fat Boys XI,1133,105,379928,1kpjiYE6MrAEatNSVVKX49dLY8hyACsAZQA1AGoAZAA0AFEAawB2AEcAUQBwAFYAeQBGAFoAZAA0ADAAQwBRAD0APQA=
13304,5998,The league of gentlemen,NULL,105,388696,AF8QvB6zK1mCtc/AE/8T09W2QP1EAFIAYQBvAFoAKwAvAHUATAA2AFYARQBxADEATAByADkAbgBhAHoAeQB3AD0APQA=
13305,5999,Bucket of Maggots League XVIII,NULL,105,394762,qEXK7uQx9WaLrAi5M0sn+qK8lgxiAFQAUABqAFAAYwB2AGIANgBlADMAaQAzAE0AWgBvAGsATAB1AGEARwBnAD0APQA=
13308,6002,The Secret Lemonade Drinkers - Premiership,401066,104,401066,2HXhTohKT1g4kA0usTjOzxo/VCBqAGwAKwA4AGQAKwB5AEIAbABVAHAATQB4AGIAWQBPAEkAdQBiAHQANgB3AD0APQA=
13309,6002,The Secret Lemonade Drinkers - Joy Division,NULL,104,402064,X9XgkgrFKyZc7M427qI0Uo2WkWdxAGIAdgBEADEAUwBGADYARwBiAHEAawBkADEAWABiAGgAdABLAHAAZAB3AD0APQA=
13312,6005,The Ex-Planet Premiership,NULL,103,402286,RTd/lVylvyyRPUOiKQin1jvkJxlyAEYAagA2AGIAbAB0AFEAZwB3ACsAdwBNAHYAYwAyAHYARAArAHYAUgBnAD0APQA=
13316,6009,"Beers, Bungs and Bullshit",7619,105,402655,TYOJ3DOn7EmVRIfANsdR/SYGFsVoAFEATAAwAEQAKwBQAEUAMwBvAEUATwBIAFMASQBoAHEAQQBSAEsALwB3AD0APQA=
13319,6012,Caversham Hill,NULL,105,402712,2PV3FV4Ck6J+vvKSHpio8AfRrEVUAEkAcQBCAHMAWQBJAHYATAByAEUAVAB1AC8AZwBjADcAVgA1AGIANAB3AD0APQA=
13336,6029,"Brum-desliga XV -""1.30 Hard Stop!!""",NULL,105,402779,V8hs1HM0ipD5jDJPUzpsxCoRSSZzAEcAZgBPAHoAcQB1AHcAbwA2AEsAVQBuAEcASABDADEARwBwADMATABnAD0APQA=
13338,6031,The Bungersliga,NULL,105,402895,9xuLYNUNY0j6Eh5jE/Q7PKezjLJEADUAcgBBADkANQBVAGEAdQAwAFAAdABuAEQATQB6AEkARwB2AFYAQQBBAD0APQA=
13339,6032,Royal Court,1334,105,403009,WC+t3vRsdHwSr8p3IwgB7Nf/G71yAHYANAA2AGYASABFAFgAOABvACsANQBMAEoAZABiAGoANQBSAHgARwBRAD0APQA=
13349,6038,Banbury Boys Get Up Hurley In The Morning,3195,106,404010,I8JVEJOHOdc40ty87LLV5YzWqp9WAGUAegBZAGQAQwBEAEcAcwBtAEUANABxAGgAWABUAG0ASABsAE0AaABnAD0APQA=
13354,6042,Match Cud Mulch Munch!,40154,103,404096,MgwFw5H4pITPMLlWH1+7DJc24IpoAC8AZQBoAGkAVAB1AHcANABQAE8AbAAyADkAVQA0AC8AWgBmAFIAVQBBAD0APQA=
13356,6044,Phifa League Division One,NULL,103,406646,hT2/1TJF0ZzPWZ0+cTZRMymoPLRTAFAAOQBWAFYAbQBnAGUAcQBXAG0AMwBHADAAWgB1AFIAawB1AHgALwBBAD0APQA=
13357,6044,Phifa League Division Two,NULL,103,406716,DioGankazZQwZcLMvKZb2tpfB9pmAFUATwBrAGkAaABsAGIAcgBkAHoANQA5AGgAWQB0AGkAWgA1ADYARwB3AD0APQA=
13365,6052,League of Gents 2018/19,35748,103,408740,IpxwzHOstxUVVB5c6bLKrfBiFBJ1AGgAbwBSADQAVAB3AHUAeABOAEsAOQBnACsAbgBYAEkAOABrAE4AVABBAD0APQA=
13370,6056,The League of Shame,NULL,103,408805,5ZFY2lWVZa3u1CqKTg5DUo/TXCdMAE0AYwBWAFQAVABJAFgAYwBmAHQAMQBmAFYAbwBXAEsAOQBLAGwAZwB3AD0APQA=
13387,6073,The Atradius Premier League,115349,103,408891,rqM4ixN3/TtXT7iL/T70lAmrlnhDADYAbwBMADYAdgBIAGgAdABOAGMAVQBCAEUALwBOAHcAaQA3AEYAVwBRAD0APQA=
13395,6080,The Shillelagh Frituur Premiership,762,105,408943,v2CJXpuXbIE9bNBHHkyAi5zZKGl2AEYASgBNAE0AcQBSAGEARwBNAGoAVgBhAEYAbwBmADEAOQA2AFAAbwBnAD0APQA=
13396,6081,Getalife,7939,105,408995,X5RquR8nBvht51EvOeozkzKsQmhxAGwAdwBZAGgAZwBHADQAbABuAHkAcgB1AGYAQwAyAFcAVgBaADQAQwBRAD0APQA=
13397,6082,Vespa Premiership,NULL,103,409657,B07Dib9+dIr3PHIg7KrxpDeDLGFOAEkATgAzAEEAOAB0ADgAWQBQAEcAVABIAEMAWAAxACsAeQBNAG0AcwBRAD0APQA=
13401,6085,The Tatty Bojangles League,40022,105,409913,h24KXKjmSBq6E7Ir93MuTRIvCRU1AGMAYgBTADUAVgBIAHAAeABwAEwAQwAxAG8AWQBzADgATABkAGMAdQBnAD0APQA=
13403,6087,LEMALIMALEAGUE,7144,103,410067,0DVJOFjH5HAt9EQZb1jklMujImowAGQASAB2AHgAdwBBAFIAbgAwAGcAVQBVADMAQgBjAFMAcgBkAGsAcgB3AD0APQA=
13405,6089,RCFIC XXII,9010,104,410586,wlGPJ3km4DmgsJ8oz1nFrVjMjW5UAG8AcQB5AHcASwBpADEAMABUAGkARQB6AGgAUwA1AC8AawBoADYANABBAD0APQA=
13409,6093,Only Auntie Carol's Playing Seriously,NULL,105,410765,YgpRTQEL5aeAe4daw0R+HUzKHap3AFcATQBGAFcAZgBkAG8AdABPADkAVQBRAGkARQBXAGMAMQBUAFMAMwB3AD0APQA=
13414,6097,League of Dreams,NULL,106,411408,H+MlXOrWEKlepx/7wgBgL+F6C6Q0AGMAMgBFAE4AbABIAHAAeABLAG0AbgBzAGoAUgBsAFkAbwByAGMASwBnAD0APQA=
13430,6113,Japanese Arm's Length League,8018,105,415531,VmqF0FK/pzxNexBOF/mhG8ZecKFJAE0ANQA3AFEAUgB5ADkAUQBJAFIAUQBIAFkAdwBhAGwAOABvADIALwB3AD0APQA=
13431,6114,Shenandoah Premier League,NULL,105,415845,lp1XMwhbmA9d/+ubXAayv9cLwJRNAFMAegBkAHUASQAzAGMAbgBHADcALwBDADMAUwBhADkAbAB3AG0AdQBBAD0APQA=
13443,6126,Deutsch Englische Bundesleague,NULL,105,416130,Q+MZ2k2Kt6KshR7SFLXHre3RN6YwAC8ARgBwAFUANwB3AFcAaQByAEIAagAyAEIANgBHAGsAQgAzAEEAVABBAD0APQA=
13446,6128,One F in Future,15159,104,416162,ocVkUChvZ6uRDATOeTXy8zGWyR5LADgAegAzAEkAaABsACsAZwBWAEYAegBJAFQANQB6AGIAMgBkAEIAVABRAD0APQA=
13457,6137,Tesco Value League,35959,105,416882,rMUs2wqRKxezsjbRy8Y+ryqj3IwrAGMAYgB3AHgAegA0AFkAagBzAEkAZQBXAHcAVgBRAC8ATABLAFIAZwBnAD0APQA=
13463,6143,Shame Academy,59992,105,417049,U29jMEp5RAWBk7Y9KsKhNT9hcVJWAEIAagBtAGIAdAB6AGcASgBsAEoAaABBAEQAcwBDAG4AYQAxAEcAdQBBAD0APQA=
13467,6146,Pina Colada Premiership,NULL,106,417233,KWezqBDESKs7eFsSOMdAUzU6ZuFTAEUALwByADEARQBJAHoAOAByAC8AeQA0AFoATQBIAFQARQBjAHIATQBnAD0APQA=
13488,6108,Boney M Superleague ,NULL,105,417284,vzrNJ3m7T6tomIU+ZpgMRRUZgT5rAGwAcwBhAFYAQQBzAGYAYgBYAEYASwBmAC8ASwA5AHcAMgBXADEAKwBnAD0APQA=
15060,7725,Lisbions,NULL,106,417427,1ZUG8mpQKuSRigVIwf/Tj+eBDeFzAFUARABUAFMAaABrAFIAbABCADcAYQBqAEYAcwBMAGsAaQBiAHUARABBAD0APQA=
15207,7860,Speedy Products,NULL,103,418437,8OPkb13RFSNaE1XcA3kubJSg6RNoAFgAaABTAFYAWgBtAFQAVABjAEoAcABxAFUAYgBDADQARwBxAEgAYQBnAD0APQA=
15246,7946,The Irma Padovana Premiership,148,105,420799,00F1/oSp4VK2gvEU28ZvEBg0rQdzAGcASQBKAE8AMABGADEAVAB0AHkAagA2AGwAeQBOAGYAaABNAHgAWgBnAD0APQA=
15250,7950,The Bunker League,NULL,105,421392,KJLUwD4buPi3CQeOHbAz6lGUMRUwAFYAcwBVAFgAeQB2ADIAZABVADgAbwBtADkASABqAEYATAAyAEYAUAB3AD0APQA=
15253,7953,Flaming in the Stocks - Barking Dog Edition,106970,105,421448,nincwpmoi26bLw4uPC+KFTpmsl51AEgAeQA3AHgAcQBSAG8ANgA2AHMAQwAxAHUATwBYADkAZwBzAHcAZABBAD0APQA=
15262,7960,White Horse,NULL,103,421781,OundPBfps94G/aHvCGsxjXToQIJCAEMAZAAyAHAAVgBwAHAATwBBAFkAQQBXAGoAcQA3AG4AaQA2AHcAUQBRAD0APQA=
15263,7961,My final bid!,NULL,103,422033,lR4nJZgozh2J01g9bEJB5yp1WI1kAFQARgBoAFgAbgA5AHEAYgBKAG0AWQBKAGYAagAzAG8AUABkAGgAVABRAD0APQA=
15266,7964,Premiership League,NULL,103,422121,3l+BJGY1SiCajygO3IWhsqx4wZs3AFIASwBHAEMAWQBSADkAZgBMAEEAbgBPADIASwBhAHIAQwA5AFgAUgB3AD0APQA=
15267,7964,3rd Division North,NULL,103,422195,8VTPuDNmx975US5CdCJTl3dTJ2RzAEoARwBoAGcANgB2AHUAbwBMAFEAcQBOAFYAegA2AGoAegBqADcAYgBRAD0APQA=
15268,7964,Conference League,NULL,103,422253,VCERgYxLTNCZUnjFRJk4VGkn0lpGAGIAYgBJAHkAUABxAHEAZwBoADEAUwByAFgAMQByAGQASwBnAFEAUQBRAD0APQA=
15285,7980,Dunfy Dumplings,NULL,105,422890,dyHbviYAy4eygRBSsIL6B8xnL2RFAGoAOAAzAHkAdABZAGcAWQBCAGkAMAA1AEUAWQBVAGMAbQBPAFkAcgBnAD0APQA=
15286,7981,Ashwood,NULL,103,423266,zdxKUCkhCDcxp6tp0qAlxoSEdZxtADEASgBSAGUANwBuAHkAMwA5AC8ATwByAFAAdQBFAFQARABjAEkAdQBnAD0APQA=
15290,7985,A LEAGUE OF GENTLEMEN,39397,103,423667,404ImXKTI07GXl1qGz0ex6e/TehpAFgANwA1AGkAbQAvAHMAdAB6AGUAcwB1AEUAdABvAGIAMwArAGsAZwBRAD0APQA=
15765,8448,John Stones Paint Trophy,7627,105,423983,dxNSY3SSCPMLjiipip8/c2f3IZhTAHEAMQBFAEYALwBMAGQAcQAvAFoATgBvAEEAYQB2AE0AYQBkAHAARQBnAD0APQA=
15813,8491,BeLEAGUEred,NULL,103,424180,U7QlZ2xVuy5E3Z3SGCUfobr9PARpADEANgBTADQAUwB2AFEAUwB6AEEAcgBaADYAdgB6AGYAKwBxAGwANwB3AD0APQA=
15814,8492,Come On You R's!,NULL,105,424479,OVWNL5MJL/qZWJv4Cq4epTI2/aJPAGMAdwBwAG0AaQA2AGoASgBPAGoAZgByAHQAWgAvAEUAUQBqADAATQB3AD0APQA=
15873,8548,athletic wilbo primera liga,8892,105,425625,ehlgSnxbRPkme5lLXcWevlK1Kx1GADQAYwBOADkAQgBlADEAVwBTAGUAQgBmAE4AQgA1AFQAMwB6ADMAdgBRAD0APQA=
15875,8550,Capricorn Championship,37404,105,425836,SOSwneRdq9/exo+zdtEQq+z8lbY2AGUAZgBtAEQAcgB2AHEAMQBlAC8AdABzAFAATABJAGsAagA5AC8ATABnAD0APQA=
15982,8650,The League of Gentlemenly Pissartistes,7987,105,426003,Xuusl9yotN298ooDIrbjPORkQtp2AEwAYgAyAEIAeABnAFQAYwBjAGsATwB5AHIAUQBMAGMAeQBKAGoARQBBAD0APQA=
16091,5383,Old Fogies Corner Senior League,NULL,103,426258,XpPDiw6irKOgDZB13c/EsqLgGCxHAGkAbQB3AHkARABWADMAQwBMADkAUABrAFgAagBKAEgAUQBpAEYAZQBRAD0APQA=
16143,5142,We all live in a Perry Groves World - Serie Z,7333,105,426412,nQsHIxLfLp2UN0kcX7/xaX7OvsxaAGgAQwA5AEIASgArADgAYgB6AG8ATgBuAGoAcwBoAEsATgB1AHAAZwBRAD0APQA=
16292,8952,Saffron Walden Wednesday,NULL,105,426840,DC488WCG8FJoE/miTU/lwSbqSvMyADgAcgAxAGwAMABuADYAeQBCADQAMwBXAGYAbwBJAE0AdgBiAGUAQwBBAD0APQA=
16507,9154,The League With No Name,NULL,105,427251,Il8LbdMTo4lf8X5SvNkZ1KjiJgdRAEsAVABLAE4ARQA1AEUAZABJAG0AVgBOADUAYgBrAFUARgA3AG0AcwBRAD0APQA=
16562,9207,Created behind gods back,2608,105,NULL,
16575,9216,La Super Laga,8457,105,NULL,
16621,9257,Escobar's 24th Six Yard Line,6714,106,NULL,
16720,9342,League of Gentlemen 2018/19,10848,103,NULL,
16727,7721,LANFACES FFL (Our 20th Season) 2018/19,177675,105,NULL,
16754,9371,Trainspotters,NULL,105,NULL,
16878,9490,Zegitta Le Liga,36556,105,NULL,
17076,9676,Sad Bastards,8035,103,NULL,
17364,9954,Lovely Hurling,363493,106,NULL,
17454,10044,NCGC Supergooner League,NULL,106,NULL,
17488,10077,Sellers Premiership,NULL,105,NULL,
17592,5921,The Bung Cup League - Championship        ,NULL,105,NULL,
18469,11026,The Legal Fantasy League,98883,105,NULL,
18944,11495,Not Ron's Nose,11966,104,NULL,
19319,11860,The Jeffrey Lloyd Xperience,6787,105,NULL,
19343,11884,Unofficial Team Social,11952,103,NULL,
19351,11892,Aberdeen's Finest,NULL,103,NULL,
20098,12635,"2 Million For Mikel?-No More Burnley, Jammy!!",39796,103,NULL,
20161,12695,La Fantasy dei senatori,NULL,105,NULL,
23004,16477,pulled off at half time,11936,106,NULL,
23011,16484,arthur c clarke premiership,NULL,104,NULL,
23012,16484,arthur c clarke numpties division,NULL,104,NULL,
23063,16530,Ross Thomson Unit Fantasy Football League,NULL,105,NULL,
23083,16548,Back of the net,NULL,105,NULL,
23095,5147,NIBFL Div2,NULL,105,NULL,
23170,16617,League of Alternative Premiership Reality,NULL,105,NULL,
23202,16642,Dundee Football Association - North Division,41669,105,NULL,
23260,16691,they think its all over,NULL,104,NULL,
23336,16753,Serie BT XXIV,NULL,103,NULL,
23354,5335,WHEATSHEAF PREMIER,2509,106,NULL,
23359,16770,Monday Night Strikers,402712,104,NULL,
24005,16839,MONKEY BUSINESS,NULL,104,NULL,
24031,5938,Leedo C4 Premiership 3,NULL,103,NULL,
24130,16948,Captain's Co(ke)-a-Cola,107226,105,NULL,
24162,16979,Primesight Premiership,NULL,105,NULL,
24275,17084,Would you credit it!,NULL,103,NULL,
24335,17136,The Stella Premiership,36842,105,NULL,
24579,17359,The Justified and Ancient League,7552,105,NULL,
24740,17507,Fisherwick,NULL,105,NULL,
24764,17528,wife,NULL,106,NULL,
24887,17636,The Bob Bruce Memorial League,7537,106,NULL,
24904,17649,covent garden,NULL,106,NULL,
24965,17704,The Return of the Apple Pie League,36024,105,NULL,
25101,17827,Hansel and Gretel Ate Jen,6858,105,NULL,
25134,5215,Up and Commers,NULL,104,NULL,
25148,17862,The Utopian Championship,NULL,105,NULL,
25248,17953,The Monkey Face Premiership,NULL,104,NULL,
25373,18061,Grosvenor Fantasy League,37841,105,NULL,
25414,5036,Ruby Murray Championship,36058,105,NULL,
25496,18167,Serie Wasters,38216,105,NULL,
25577,18243,Law Centre La Lig-Ugh,NULL,103,NULL,
26195,18819,Old Hall Reprobates,416882,105,NULL,
26213,18835,Really! You actually thought England could win it,37450,103,NULL,
26219,18840,The League of the Extraordinary Genitalia,NULL,105,NULL,
26233,18851,Hayton Premier 10,36659,103,NULL,
26256,18873,Blades Supreme,NULL,103,NULL,
26305,6114,Shenandoah League Championship,NULL,105,NULL,
26374,19100,Space Premier League II,NULL,105,NULL,
26392,18994,Now That's What I Call Fantasy Football,28027,105,NULL,
26418,18947,The Championship,NULL,107,NULL,
26430,19025,ESPN PREMIER LEAGUE,39235,105,NULL,
26455,19048,Sporting Sch@denfreudE 23,837,105,NULL,
26540,19124,The Big Boy's League  ,NULL,105,NULL,
26550,19132,La Fantasy Liga,28337,105,NULL,
26592,5173,Purplebricks League of Notions Division 1 ,NULL,105,NULL,
26650,50416,ECGD Division 1,NULL,105,NULL,
26670,19236,Topless Darts,NULL,103,NULL,
26672,50416,ECGD Premier League,NULL,105,NULL,
48082,6581,Ron Knowles Memorial League,NULL,105,NULL,
48083,6646,The Interhouse No-Drama League Division 1,4715,105,NULL,
48086,6757,The PHL,NULL,105,NULL,
48089,7040,LOG 2018/19,NULL,105,NULL,
48096,7558,The Southgate Premier League,NULL,105,NULL,
48103,8758,Sir Dickie Memorial League,NULL,105,NULL,
48107,9393,Sursum Premiership 2018/19,NULL,105,NULL,
48110,15163,"Couldnt Post It, The Stamp Fell Off",NULL,105,NULL,
48113,15821,Poundworld Premiership,NULL,105,NULL,
48118,16146,HANDBAGS AT DAWN,9930,105,NULL,
48123,16739,League of Extremely Ordinary Gentlemen,NULL,105,NULL,
48132,17631,The renowned Boozehounds League 18/19,5089,105,NULL,
48136,17665,Fantasy Poppodino ,2402,105,NULL,
48147,17963,SNL15Ed,NULL,105,NULL,
48155,18877,THE SEVEN FOUR FOOTBALL TOUR - SEASON 11,NULL,105,NULL,
48157,18926,The Interhouse No-Drama League Division 2,420799,105,NULL,
48162,18975,Better by VAR,NULL,105,NULL,
48168,19084,Thursday Club,NULL,105,NULL,
48169,19100,Space Premier League,NULL,105,NULL,
48172,19331,overweight and over here,NULL,103,NULL,
48175,19360,The League of No Confidence,NULL,103,NULL,
48180,19367,Danny Wallace Memorial,NULL,103,NULL,
48181,19368,Division 1,7632,103,NULL,
48182,19368,Division 2,7930,103,NULL,
48183,19369,ere be monsters,NULL,103,NULL,
48186,19374,Waterloo Heroes IV,NULL,105,NULL,
48187,19375,burnside 86,7791,105,NULL,
48188,19376,Four Ring Barts Premiership,360360,105,NULL,
48190,19384,Horley Meths League,NULL,105,NULL,
48194,19390,Famous Dumfy Blues,14740,105,NULL,
48195,19393,Bakers Half Dozen,36756,103,NULL,
48198,19399,Premier League,NULL,103,NULL,
48199,19399,League Of Gentlemen,NULL,103,NULL,
48200,19400,Founded on Fudge XII,9849,105,NULL,
48201,19401,The Colombian Premiership ,NULL,105,NULL,
48203,19403,League of Kings,NULL,104,NULL,
48205,19408,GAP YEAR LEAGUE,352666,105,NULL,
48206,19409,Crowland Conference,11188,105,NULL,
48208,19412,St Totteringham League of Gentlemen 2018/19,NULL,105,NULL,
48209,19413,Soi Cowboy Cup,42143,105,NULL,
48216,19422,QBE FL Premiership,182949,106,NULL,
48218,50404,The One Bell Premier League,NULL,105,NULL,
48220,19428,City Will Never Buy Us,NULL,106,NULL,
48222,19433,DPSDL,NULL,105,NULL,
48229,19450,The Latecomers,NULL,105,NULL,
48231,19452,Men Behaving Badly,NULL,105,NULL,
48234,19464,The European Super League Est:1996,2609,103,NULL,
48249,19506,The League of GenitalMen,43623,105,NULL,
48253,19531,Klopps and Robbers,6235,105,NULL,
48255,19536,The Masons Arms,NULL,105,NULL,
48261,19569,The Media Ho's League,NULL,105,NULL,
48263,19575,Dirty Baker's Dozen (Premiership),359260,105,NULL,
48268,19583,The Big Tone Memorial League,173991,103,NULL,
48269,19586,RWA UAE League,NULL,106,NULL,
48274,5373,Brighton & Hove Division 1,36443,104,NULL,
48277,19615,The Bum League,46868,105,NULL,
48282,19644,The Italian Job,NULL,103,NULL,
48293,5040,Premiershit2018,180680,106,NULL,
48294,19707,No Passengers,NULL,105,NULL,
48298,19723,The Lads League,36087,103,NULL,
48304,19751,Best league in the world,NULL,105,NULL,
48305,19757,Le doc cardiff,NULL,105,NULL,
48319,19826,The Glen League,NULL,104,NULL,
48325,19846,Shanters & Slappers Premier Alliance,408891,103,NULL,
48327,5703,FTM,NULL,103,NULL,
48439,40439,Jokers 2018/19,9005,106,NULL,
48444,40443,League of Spuds,2898,104,NULL,
48487,20108,The Planniership IX,NULL,105,NULL,
50155,42142,Allen Lane Premier ,19546,105,NULL,
50202,42176,Rollin' Rollin' Rollin' Neymar....,402655,106,NULL,
50233,42202,Big Bucks,107353,105,NULL,
50241,19035,Moab Premiership,NULL,105,NULL,
50251,5110,The GW memorial league.,9365,104,NULL,
50256,42216,Dog House Steak Night Surprises,NULL,105,NULL,
50259,17915,We all worked in Oil,NULL,105,NULL,
50261,42220,The League of Ordinary Gentlemen and Yuki,110596,105,NULL,
50334,42273,Premier League,NULL,105,NULL,
50345,19405,The League of No Gentlemen,NULL,105,NULL,
50373,42304,A League Of Shmendricks,51618,105,NULL,
50745,9303,Well Done,3749,105,NULL,
50778,42626,Europeantubes,351325,103,NULL,
50796,42640,The Cock-Up Cola League,3184,103,NULL,
50826,42667,The True Test,NULL,105,NULL,
50850,42684,Thurrock Thundermite,NULL,105,NULL,
50873,42699,The Cheikh Tiote Title ,177153,105,NULL,
50957,42769,Eddie's Premiership 2018/19,NULL,106,NULL,
50996,19610,The League of Gentleman 2018/19,NULL,105,NULL,
51030,42667,The Bunnies,176193,105,NULL,
51138,42904,The Legends League,NULL,105,NULL,
51151,42915,Dead Rabbits Premiership 2018/19,37816,105,NULL,
51153,42917,The Real Premiership!,NULL,105,NULL,
51253,43003,Boozers & Losers,369419,103,NULL,
51488,43206,fantasy football fraternité,NULL,105,NULL,
52054,5670,2018/19 MIDLAND Hotel League,NULL,104,NULL,
54283,45276,La Familiga,359076,106,NULL,
54300,19575,Dirty Baker's Dozen (Championship),NULL,105,NULL,
54304,45294,UPL 2018/19,377504,105,NULL,
54342,45326,BAT BOYS,NULL,105,NULL,
54445,45419,Asia Fantasy League 2018/19,NULL,105,NULL,
54462,45434,FAIL - Former-fzyisbl Anglo Israeli League ,NULL,105,NULL,
54483,45452,The South West / South East Breakaway League,NULL,105,NULL,
54494,45462,The Isthmian League of Ordinary Gentlemen.,362349,103,NULL,
54495,45463,The Poundland Conference V,NULL,105,NULL,
54533,45499,Admirals,NULL,105,NULL,
54549,45515,A League of Their Own,176421,105,NULL,
54552,45517,Brewer's Droop Premiership,363527,105,NULL,
54600,45555,Lucky Judgement,NULL,106,NULL,
54614,45567,Melrose Premier League,2920,105,NULL,
54668,5383,Old Fogies Corner Championship,NULL,103,NULL,
54777,45707,The Smiths Memorial League,NULL,105,NULL,
54801,19575,Dirty Baker's Dozen (League 1),NULL,105,NULL,
54807,45727,League on their own 2018/19!,376695,105,NULL,
54809,5463,Jays Hamlet Horny Slobs Hamster's Todger League,NULL,105,NULL,
54819,5147,NIBFL Div 3,NULL,105,NULL,
54834,45747,[Insert League Name Here],377897,105,NULL,
54838,45751,FPL 2018/19,NULL,105,NULL,
54842,45755,Blundersliga,NULL,103,NULL,
54843,42913,Firkin Fantasy Premier League,NULL,103,NULL,
54935,45830,Bradmans Bangkok (EPL) Cup,NULL,105,NULL,
54943,45836,League of Monkeys,7607,105,NULL,
54955,45845,Point Chev Serie A,NULL,103,NULL,
54958,45848,League of Gentlemen,17453,105,NULL,
54986,45873,Carousel,177016,105,NULL,
55013,45899,7 team league of steam!!,NULL,103,NULL,
55058,10971,The Poodle Returns,NULL,105,NULL,
55062,42818,GINA's bitches,388696,103,NULL,
55145,5800,Strictly No Ballroom 18/19,NULL,105,NULL,
55257,46146,2nd Time Around,NULL,105,NULL,
56039,44232,The Old Old Wooden League,NULL,105,NULL,
56852,47250,CCP FC,NULL,105,NULL,
57025,47526,Gubbed Nuggets,NULL,105,NULL,
57591,47965,Saints & Villains,NULL,105,NULL,
57595,16642,Dundee Football Association - South Division,415531,105,NULL,
57598,45864,Take No Prisoners,NULL,105,NULL,
57602,6142,Steve the Horse Premier League,408805,105,NULL,
57605,47974,Chil365 Fantasy Football League,NULL,105,NULL,
57606,47975,Liga Chapa La Pachala,422121,104,NULL,
57611,5548,Premier League,8980,103,NULL,
57626,45791,Complete IT Premier League,NULL,105,NULL,
57631,45715,Hibs Fantasy Jager League 2018/19,359334,105,NULL,
57633,19575,Dirty Baker's Dozen (League 2),NULL,105,NULL,
57637,5287,Muhammad Mayhew 2018,NULL,103,NULL,
57644,48003,Fantasy Your Chances,NULL,105,NULL,
57715,48071,Malone,NULL,105,NULL,
57733,48072,Zaev Hit The Deck ,402895,105,NULL,
57737,48090,Chase The Dragon,NULL,105,NULL,
57778,48126,The Dust Up XVII,NULL,105,NULL,
57779,42612,The League of Marines,NULL,105,NULL,
57782,48129,Patromeson Premiership,NULL,105,NULL,
57816,48160,FLUFFY 2018-19,402064,105,NULL,
57831,48174,Fantasy Fumblers ,36779,103,NULL,
57847,48190,The Ponderosa Champions League,402286,105,NULL,
57873,48210,Equity Finance Premiership,177660,105,NULL,
57885,45716,PIA FC,374635,105,NULL,
57888,48221,Fantasy League 2019,NULL,105,NULL,
57899,48231,The Justice League ,402779,105,NULL,
57906,48237,Street FA Invitational,403009,106,NULL,
57951,48276,Finchleague,NULL,106,NULL,
58011,42273,Championship,NULL,105,NULL,
58026,48337,Bangor Old Men,NULL,103,NULL,
58027,45862,The Coldwar Steve Premier League,NULL,105,NULL,
58073,48376,Couldn't score in the Towers,404010,105,NULL,
58149,48445,21 Years and I still haven't won it !! K Dog ??,12064,106,NULL,
58255,5454,SERIA Z-2,406646,103,NULL,
58290,48570,Barnwood Premier League,394762,105,NULL,
58308,5173,Purplebricks League of Notions Division 2,NULL,105,NULL,
59391,49596,#bantswiththeboys,408740,105,NULL,
59409,45424,Phoenix2018,10396,104,NULL,
59411,49603,Heisenberg Premier League,408995,105,NULL,
59445,49618,Crispy Cod Fantasy League,NULL,103,NULL,
59451,17595,Guzzyship 2018/19,3820,105,NULL,
59452,49623,Fizzboys United,408943,105,NULL,
59504,49665,The James K league ,NULL,106,NULL,
59520,49679,Big Poppa,3452,105,NULL,
59541,49699,We probably are now too old for panini,NULL,105,NULL,
59551,49708,The league of extraordinary journeymen,NULL,105,NULL,
59636,49793,Siri Aaaaaaaaagh,NULL,105,NULL,
59676,19407,The Unusual Suspects,409913,105,NULL,
59686,49837,UBS all stars,NULL,105,NULL,
59696,49845,Family Brown League Challenge,5139,105,NULL,
59736,49877,Liga du Champs,NULL,105,NULL,
59741,49882,We heart EPL on NBC,410586,105,NULL,
59748,49887,Fantasy Balls,410765,103,NULL,
59756,49895,Fantasy Misfits ,NULL,105,NULL,
59807,49938,Bunga Bunga League,NULL,105,NULL,
59827,49954,The Russia House - FFLXVIII,NULL,105,NULL,
59903,48380,Come Dick with Me,404096,105,NULL,
59973,50059,Friends of Graylands,NULL,106,NULL,
60262,50298,Thame Lads League,410067,105,NULL,
60285,50317,The Myreside Auction,NULL,105,NULL,
60287,50315,The Zun League,NULL,103,NULL,
60299,50330,Las Cruces FC,409657,105,NULL,
60303,50334,The League of Gentlemen,NULL,107,NULL,
60310,45838,The Vodka Vault VI,NULL,105,NULL,
60313,50341,George's New Friends,38666,105,NULL,
60329,50350,FF League 3,416162,106,NULL,
60343,50358,Perdana League Pro 2018/2019,53226,105,NULL,
60356,50370,It's all a bit OT,418437,105,NULL,
60363,50376,UTFR 2018/19,NULL,105,NULL,
60369,50382,The Game of Thrones,NULL,105,NULL,
60374,50387,Slim Jim 2.0,NULL,105,NULL,
60377,6136,DFFL Division South,415845,105,NULL,
60382,6136,DFFL Premiership,2122,105,NULL,
60383,6136,DFFL Championship,8595,105,NULL,
60384,50390,Super Premier La Liga,28255,105,NULL,
60405,50406,Copa del Berko: Street FA 3.0,411408,105,NULL,
60411,50411,Bus Stop Wankers,35751,105,NULL,
60416,50415,The NIL League,416130,105,NULL,
60419,50417,The Luke Shawshank Redemption,NULL,105,NULL,
60439,49542,The Ladder Match Premier League 2018/19,361910,105,NULL,
60445,50440,LPL,NULL,103,NULL,
60458,50453,Deloitte Global Premier League,NULL,105,NULL,
60489,50474,Formby fantasy ,NULL,105,NULL,
60496,50479,LE SAUX SOLID CREW,NULL,105,NULL,
60509,49916,SEASON 4,NULL,105,NULL,
60512,50491,Desmond Tutu Invitational,NULL,105,NULL,
60513,50492,Fantasy Master League,NULL,106,NULL,
60538,50509,Pro cup winning league,NULL,106,NULL,
60558,50468,Vale of York,NULL,105,NULL,
60572,50534,Bangkok Bad Men,NULL,105,NULL,
60606,50565,Butterflies in the stomach,37070,105,NULL,
60614,50571,Serie Parkheath,NULL,105,NULL,
60637,50591,WPC 2018/19,NULL,105,NULL,
60654,50608,MANGO LEAGUE,NULL,103,NULL,
60687,19424,Big Boys League,NULL,103,NULL,
60689,50639,The Alan Dwyer Premiership,NULL,103,NULL,
60705,50650,The Chairmen,NULL,103,NULL,
60993,6038,Test Online Auction,NULL,105,NULL,
61043,50912,Manx - Div 1,NULL,105,NULL,
61087,50934,Vysshaya Premier Liga,26122,105,NULL,
61196,50999,Blatter Primera Division (BPD),NULL,105,NULL,
61303,51106,UK v OZ XIX,NULL,105,NULL,
61429,51229,Dubai League,421392,107,NULL,
61431,51020,Still Defiant in Doha,NULL,105,NULL,
61441,44232,The Old Old Wooden League Two,NULL,105,NULL,
61443,50818,Social League 1,NULL,107,NULL,
61444,50818,Social League 2,NULL,107,NULL,
61445,50818,Social League 3,NULL,107,NULL,
61446,50818,Social League 4,NULL,107,NULL,
61447,50818,Social League 5,NULL,107,NULL,
61448,50818,Social League 6,NULL,107,NULL,
61449,50818,Social League 7,NULL,107,NULL,
61453,50818,Social League (Interactive),NULL,105,NULL,
61458,5594,AMNAS Division 4,NULL,103,NULL,
61462,5522,The Head League,1011,105,NULL,
61467,51255,Breakaway Premiership Part 2,417284,103,NULL,
61484,51270,"The ""Hvar Forever & Ever Guys"" Premier League",NULL,105,NULL,
61494,51278,Viva La Pancho Deux,16467,106,NULL,
61511,51293,NWL Fantasy Premier League,422195,105,NULL,
61560,51334,BAAFFM,175280,107,NULL,
61566,19100,Space Premier League Newcomers and Novices,NULL,105,NULL,
61568,51341,FLA 1,NULL,105,NULL,
61578,49793,Siri Beeeeeeeeee,NULL,105,NULL,
61600,51368,The Anusol Premiership,NULL,105,NULL,
61610,51376,Prestige Press Fantasy League,343479,103,NULL,
61624,51387,MLC Premiership ,422033,105,NULL,
61628,51390,Tequila Sunrise Premiership,NULL,103,NULL,
61629,51391,League of Big Boned Gentlemen,NULL,103,NULL,
61637,51399,HedgerWay Premier League,422890,104,NULL,
61639,51401,Conference,422253,105,NULL,
61640,51401,Alumni League,417233,105,NULL,
61642,51403,Pies X,NULL,107,NULL,
61650,51410,Kobri,NULL,103,NULL,
61657,51416,League Of Ordinary Gentlemen,NULL,107,NULL,
61677,51430,CAA Fantasy League,27853,107,NULL,
61704,51401,Premier League,NULL,105,NULL,
61730,51470,Burl,NULL,107,NULL,
61736,51474,Rollins Fantasy League,NULL,103,NULL,
61740,51478,Champions League,NULL,105,NULL,
61747,51482,The Dale Winton Memorial League,NULL,105,NULL,
61752,51486,golden lion,417049,106,NULL,
61793,51515,La Leega de Dos Amigos,379928,105,NULL,
61822,51537,Murder on Zidane's Floor,423266,105,NULL,
61923,51618,FILTHY40,15044,106,NULL,
61959,51645,Mildly Offensive Banter League (18/19),423667,107,NULL,
62047,51713,Fantasy Premier League,423983,103,NULL,
62136,51776,Calverley Classique,NULL,103,NULL,
62141,50647,Wass Prem,37315,105,NULL,
62225,51830,The Magnificent Seven,424479,105,NULL,
62556,6038,League of Gentlemen,NULL,107,NULL,
62557,6038,Test Traditional Auction,NULL,105,NULL,
62560,52114,Golden League,NULL,106,NULL,
62564,19575,Dirty Baker's Dozen (Conference),NULL,105,NULL,
62565,52117,Bentley's Bitter League,NULL,105,NULL,
62572,52120,The Usual Suspects,NULL,103,NULL,
62573,52121,Fantasy Fizzboys,NULL,105,NULL,
62586,52133,PJ Shipping ,NULL,107,NULL,
62589,52136,Wawal League,426258,105,NULL,
62590,16530,RTU FFL serie B,NULL,107,NULL,
62591,52137,The Qube Fantasy League,NULL,103,NULL,
62593,52139,Serie Arse,NULL,103,NULL,
62594,52140,It's all Cobblers,425625,105,NULL,
62595,52141,Pikeys Prem,NULL,105,NULL,
62596,6136,DFFL Division North,38161,105,NULL,
62601,52146,Snodland League,NULL,106,NULL,
62603,52148,Serie Mews,NULL,106,NULL,
62606,52151,The Blue Square Chumpionship,NULL,105,NULL,
62612,52156,World Cup hangover,NULL,105,NULL,
62616,52159,Malahide Fantasy League,NULL,105,NULL,
62621,52164,Sky - The League,NULL,106,NULL,
62628,5594,AMNAS Division 3,NULL,103,NULL,
62630,52171,Morasha Leavers,426003,105,NULL,
62634,52175,Spicy Fingers League,NULL,103,NULL,
62641,52180,Phantom Headbutt League of Ordinary Gentleman,NULL,105,NULL,
62645,52184,Fantasy Football Factory,NULL,105,NULL,
62646,52185,Old People's Republican Army,NULL,107,NULL,
62652,52186,Serie Wasters Academy,NULL,105,NULL,
62659,52195,The League,NULL,107,NULL,
62660,52196,Justice League 18/19,NULL,105,NULL,
62670,52201,MAM Fantasy ,NULL,105,NULL,
62674,52205,The Premier Lager,NULL,103,NULL,
62675,52206,Clear Fantasy Football League,NULL,103,NULL,
62688,52215,Swagger,NULL,105,NULL,
62692,52219,The Gentlemans £1 League,NULL,105,NULL,
62695,42273,League One,NULL,105,NULL,
62700,49793,Siri Siiiiiii,NULL,105,NULL,
62702,52224,Phil Crewe,NULL,105,NULL,
62711,52230,Digileaguepro,NULL,105,NULL,
62713,52237,JES 2018/19,NULL,105,NULL,
62717,52236,KINGS ROAD CUP,12905,103,NULL,
62718,52237,Grillstock Championship,NULL,105,NULL,
62721,52240,CGLNSSS,426412,107,NULL,
62725,52241,Serle Court Premiership ,24762,104,NULL,
62732,52246,Bunnings Warehouse Replay League,113132,103,NULL,
62738,52251,THE CROWD FAVOURITE,NULL,105,NULL,
62740,52253,Lucky Judgement 2,NULL,106,NULL,
62741,52254,New Order - The Joy Division,NULL,103,NULL,
62743,52256,The Blerts,NULL,107,NULL,
62745,52258,Olympian Div 3,NULL,105,NULL,
62795,52297,Tired and Emotional ,426840,105,NULL,
62810,52312,24AM Division 2,NULL,103,NULL,
62821,52321,THE ONLY WAY IS WESSEX,NULL,107,NULL,
62834,52332,Mimi,NULL,105,NULL,
62878,52369,TEST LEAGUE,NULL,106,NULL,
62893,52382,#Lowstakes,427251,105,NULL,
